Name,Symbol,Rating,Sector,Rating Agency,Date,currentRatio,quickRatio,cashRatio,daysOfSalesOutstanding,grossProfitMargin,operatingProfitMargin,pretaxProfitMargin,netProfitMargin,effectiveTaxRate,returnOnAssets,returnOnEquity,returnOnCapitalEmployed,ebitToRevenue,debtRatio,debtEquityRatio,assetTurnover,fixedAssetTurnover,companyEquityMultiplier,enterpriseValueMultiple,payableTurnover,operatingCashFlowPerShare,freeCashFlowPerShare,cashPerShare,operatingCashFlowSalesRatio,freeCashFlowOperatingCashFlowRatio
Sample Corp 1,SC000,BBB,Healthcare,S&P,2025-10-21,1.805983355550203,,0.6382844070887268,43.43094395437923,0.5694064540156203,0.39576158200320827,0.35221681866255555,0.28429816964759685,0.31524113915879315,0.07046221705338693,0.05239079534192831,0.1922875032277151,0.39911476421757536,0.7633260732700593,0.6187010278676036,0.4791248077197701,0.8387174668418338,1.4759238675904642,5.668923625594423,,2.1596384080022935,1.1715045162240212,6.925833614764587,0.1411958551519874,0.840996084860818
Sample Corp 2,SC001,A-,Technology,Moody's,2025-04-05,2.652450765026359,1.781043358426077,0.9379338075337732,79.30743821066696,0.29428898647178137,0.09167434545598152,0.08441111393902129,0.06384773937347317,0.31015393742597497,0.0838938782627967,0.20631983448330693,0.0878791673113129,0.09995214574493934,0.6131954806047116,2.2096711857414966,0.3604704739604322,0.7488382390155855,3.008791987037724,5.544314339202533,5.566726500695351,4.714850163394234,2.977078873224606,2.0872350739527796,0.1386911672763808,0.8118890450505827
Sample Corp 3,SC002,BBB+,Utilities,Moody's,2025-02-13,1.2276360747887207,0.8756957270211672,0.2768581882570231,50.7049576693432,0.4172473939010545,0.2610648537990383,0.24917032883310247,0.1559835071452347,0.27595558459923064,0.05096457316542964,0.13516426198030979,0.10388761218743685,0.27919149308714414,0.5288552981080675,0.6821725376084029,1.1645847920608834,2.3854403897547485,1.5684771146736691,9.135797796433284,11.175663443388274,8.221188962433377,5.091129475756442,7.016368537636507,0.1704233970709559,0.7608607763585897
Sample Corp 4,SC003,A,Healthcare,Fitch,2025-02-04,1.7049785911246929,1.2962922255806228,0.5702152973463235,50.85715286896101,0.31615371667945324,0.2167623653684167,0.15971767846265142,0.1417416514663825,0.1932648046073107,0.01918766024036181,0.1733209163724948,0.10690378848836357,0.23472054277233922,0.42017364752288044,1.6074396512359046,0.9589118935207082,2.5853181198992328,2.6074396512359046,9.134185080184182,8.161524186012436,5.311630567930161,2.7049739849464416,12.292363370397505,0.1682813518844976,0.5357735237056211
Sample Corp 5,SC004,A,Healthcare,Fitch,2025-08-12,2.338926863687827,1.7517822107187353,0.8857069724915607,31.908280889109907,0.35442058749859484,0.17267997810786123,0.16627928782597598,0.13759905784063878,0.2536520733352784,0.12501181263704172,0.1725888349731212,0.14083072364673244,0.18351620926746345,0.4061362848654224,2.360188182544053,1.0853097923406247,2.908552058367945,3.360188182544053,16.80689903902406,7.580823522561736,1.1620008005069349,0.6953394471792378,9.747854948385264,0.2113178684652554,0.6012233187168345
Sample Corp 6,SC005,A,Technology,Fitch,2025-02-06,1.104376803319163,0.7917116349637261,0.4761282051607066,62.922918552444514,0.39687140307216895,0.1327379149369316,0.11851872008799438,0.09382947105804487,0.2694548144860682,0.06205669409342144,0.10976717726746277,0.10350980795600026,0.12235564216226306,0.5702934700373882,2.227431423715694,1.9857002950794658,5.29260800245813,3.227431423715694,19.622519791716677,8.462561535433611,4.792996374213226,2.023573765222445,3.316378889997066,0.14529667675565855,0.4513741262262117
Sample Corp 7,SC006,AA-,Industrial,Fitch,2025-01-04,1.0920399289345337,0.7527328058065899,0.3277991949945533,62.06541022395138,0.3970148909500397,0.1344532744765978,0.12251165101097393,0.1014042109906269,0.2550063001720536,0.14955598808399173,0.28444843567187034,0.13002678879495436,0.1250144356100457,0.37235676951072144,0.7288446177986997,1.9502749280401392,1.9933042894639335,1.9110557722483745,10.568106408349975,5.328274507329564,1.2445751448175975,0.6707152811599651,13.012813366019206,0.24922458992788826,0.4945197623637659
Sample Corp 8,SC007,BBB,Communication,S&P,2025-01-17,2.93298110765115,1.847764800119603,0.677376833179864,51.35948905631916,0.24077870804860613,0.08478383731655263,0.08251054533339953,0.06743017537285677,0.20204667359030545,0.03174585746946146,0.16762906476834544,0.16726854947675443,0.0852352908558327,0.9088532283361093,2.825143103396619,1.9019361624444278,4.753111487061041,3.1731870026127837,11.43330318291558,8.90778510911341,9.696190696361183,7.837829334289106,8.904109483508158,0.06189431377345616,0.7915083186583665
Sample Corp 9,SC008,AA,Materials,Fitch,2025-06-23,2.3721092291958947,1.4613274273297514,0.4940750805395232,83.65303577375555,0.4580571965459249,0.32990186980929814,0.29276428231698937,,0.25304958486294515,0.01318736533190528,0.22757921165562642,0.15580783911683055,0.31314745093652746,0.421233098776264,0.21051205942555368,1.6325325505050454,4.109660354816804,1.3007315134650768,17.671841544290324,6.9048058930720835,2.147085634805821,1.1643240690835266,12.942403702680789,0.05063356971614035,0.757519359425342
Sample Corp 10,SC009,AAA,Communication,Moody's,2025-11-13,0.8903485368893268,0.7902399279228943,0.608694880019195,37.724903897978635,0.18954065005919557,0.14316822202642132,0.11464335070075149,0.10251099341806742,0.2482372681737253,0.04837703948811887,0.3100268177824844,0.11695529697688785,0.1425009285457158,0.12097948171283024,0.16945659057458295,0.9032303124367136,2.128694944672513,1.338913181149166,9.0220853014327,11.17749072771695,7.3691949369755685,5.962440195159844,9.542879744205383,0.17803966231192475,0.6967428814879674
Sample Corp 11,SC010,AA-,Real Estate,S&P,2025-10-13,1.6774059831785482,1.4327444834615177,,49.80597079860932,0.21247114804890915,,0.07275930939523766,0.06337402377915641,0.3492671551613448,0.09071462201712215,0.2069419166114779,0.17963242665112533,0.07516591860507711,0.4672807474375198,1.3004935683634424,1.0006225814467116,2.514093569919231,2.6256169604543027,7.345727066051719,5.350833653421489,9.754986906028773,6.494867670645574,9.275949782893218,0.10968698247237535,0.8478633629630865
Sample Corp 12,SC011,A+,Materials,Moody's,2025-05-09,1.7537456226776327,1.2389714008784498,0.7317133537148351,49.29496588080174,0.15121990473644834,0.06320281546004523,0.05112588013886238,0.0405939220267548,0.32948722960924076,0.1564227597835058,0.16156765846628895,0.13372103743907943,0.06382743925856897,0.3264196157100998,0.9923004739061684,1.2343472743221715,3.312914940556149,2.1025560821179647,17.796344351054756,8.056408830923528,8.434351464999146,7.084276116899244,3.368369407561161,0.09807647773989676,0.6916332589065227
Sample Corp 13,SC012,BBB,Real Estate,Moody's,2025-09-29,2.4368938145980543,2.161622936388814,1.6419434394359078,,0.20251322886375658,0.07751401515795535,0.05505575810085994,0.04448244088956143,0.24267614964312395,0.017014974729984457,0.1275148165618951,0.1309858759253319,0.081341280758492,0.7223933534896698,1.4952780057151611,1.7119085758882278,3.3221950201292003,2.1502138505501236,5.6975087966009825,8.784901034952144,7.293838376135833,5.013709935810353,4.175676530802163,0.1123798160008561,0.6334839999818054
Sample Corp 14,SC013,A+,Utilities,Moody's,2025-10-31,1.3518931601626547,1.0856120775361375,0.37059996535452205,58.86872364337759,0.36292479047335147,0.14268767021761258,0.13543861604159563,0.083359589019179,0.2745874765870237,0.14254830526708118,0.17666031957023087,0.05512816489087373,0.1488372493150277,0.5472712427958637,1.3875933595441874,0.41681181528105515,0.835332736973777,2.541770399493542,14.295491602991236,4.26706881429105,8.555148185506901,3.5489672965625223,14.636328334455685,0.10120951302099086,0.5701853731528814
Sample Corp 15,SC014,BBB-,Financial,Fitch,2025-05-29,1.2055340835290143,0.8978290853607064,0.6628948156480681,71.26708302576498,0.42274584647512736,0.30384663019852864,0.2441582821369234,0.1955647384775723,0.2995743208184457,0.050270024081796406,0.10169710351583161,0.19800394705357427,0.30513701411870026,0.4738965188893702,1.0106899632229305,1.0213047060043097,1.2760468124612945,1.7219214023020932,13.429892712002102,6.909544998049122,9.836188239345649,7.256255446783798,4.97032770781202,0.056158009932089574,0.8702242528680864
Sample Corp 16,SC015,AAA,Technology,Fitch,2025-04-11,0.9779205265578349,0.7313942891911189,0.4211323967402415,60.69942081283567,0.507430252484908,0.23649964476319846,0.2204532282870237,0.13519286096878452,0.15697303204676497,0.1884433608179783,0.3101497660256586,0.06844562127944401,0.2517488305680439,0.23705759346411062,0.38293088573202616,0.4404500278807567,0.7799276647463202,1.7658617714640523,10.188806712525414,9.861081877606662,6.592100475281766,2.784679803655832,14.706877533874783,0.24430660847811775,0.44135773076217677
Sample Corp 17,SC016,BBB,Materials,S&P,2025-06-12,1.7422918448682372,1.0889068320499886,0.4164166261689927,39.41866096297162,0.19801466255104622,0.09023966418954216,0.07298831011170757,0.056673899323384395,0.32898428824556797,0.03624069423701927,0.10232653640285788,0.084669636864147,0.08899186786106712,0.4084533929988729,1.7759605388739532,1.1749178971749696,2.6867204257700688,2.3661234914415026,9.727842816460385,10.563020059591786,6.032663261463938,3.772215345657936,8.914865184815424,0.09414909769055635,0.8654436860304042
Sample Corp 18,SC017,BBB,Materials,S&P,2025-10-02,2.314699781683806,1.4525001399018955,0.7344240991583781,52.63715791452435,0.5328273570074046,0.22042951093572621,0.21124209841263494,,0.3220253632835847,0.08931482213790223,0.04070557485294619,0.057754525586229045,0.23791901831386067,0.3008243231134765,2.5471651368234487,1.8281314008106002,4.681478072731392,2.959357797556499,16.57786589272432,6.505295958538259,6.654142994169533,5.753926261479022,3.7652576118311827,0.19680595251786126,0.8133573299655092
Sample Corp 19,SC018,AA,Utilities,Fitch,2025-11-11,0.9280259101185759,0.7245397826367647,0.4990638296087154,30.155701463018794,0.4856885364969231,0.2933302301823858,0.22464788298250626,0.17224696134978568,0.24148641955474143,0.1536537459630584,0.1076398650572693,0.14600044502553708,0.26817893876869603,0.298960097864065,1.164026537167685,1.6302243717586944,2.3384235014065475,2.662895053096693,6.296369161438197,10.38874617906201,5.794082980853995,,3.290928635798008,0.2025192789388351,0.46496496226785067
Sample Corp 20,SC019,A+,Industrial,Moody's,2025-08-10,2.813470200778257,2.1554302318234164,1.1643311680061401,82.09806642213522,0.3338332318211626,0.16346239311646424,0.1622142236338788,0.12035695775640516,0.22823395321607595,0.04642826718684082,0.1514935876276985,0.08370517654590201,0.17832635642919384,0.3759899067968357,0.858762995508941,0.687332109823287,0.8767923179454458,1.9541811061210457,8.55176463967078,11.742047016827112,6.715801953187469,3.9954735359642966,4.715232919174619,0.23585147960144587,0.6824921788376268
Sample Corp 21,SC020,A-,Healthcare,S&P,2025-03-29,1.77317490540843,1.1770660727862545,0.9329932129498382,35.07102046084091,0.5698221301949795,0.38299160006360117,0.3576864382904311,,0.20459187497126297,0.025548225927581634,0.1754687807773305,0.07700156562090853,0.39484083021883337,0.8770171238648098,1.3714159695715895,1.9591844443179471,4.557227606611457,2.2467417905196267,15.986730977571346,10.854991488600753,5.0485798717530335,3.861810980923154,14.033285290329365,0.056109891418676,0.8332739908745435
Sample Corp 22,SC021,BBB-,Utilities,Fitch,2025-10-11,1.3275321901462873,1.173350428232631,0.5730285443240909,65.83668493532583,,0.24002986062379378,0.17624705646764288,,0.24533536566607367,0.0789165630927126,0.10119343779722144,0.06328333763348622,0.23427272084278525,0.6549359750060194,0.945647456333995,1.4344956766789283,1.439889046257217,1.6754624688099966,13.224808755896364,4.941151905274602,,2.4947798884645813,,0.22440966768940157,0.6859045818035769
Sample Corp 23,SC022,A+,Energy,Fitch,2025-02-10,1.006521238178842,0.8398300633386593,0.5667082145746924,89.1754197520089,0.24225081452395675,0.16809661546459853,0.14619917130283272,0.11978201927268614,0.15887533270664736,0.15933844462978033,0.19806472089215987,0.06549634356860236,0.15791514219849465,0.36012755671498825,0.41776703238742174,0.3177270889755852,0.43107469290562533,1.4641855915415798,6.919823128003796,9.917842656684325,2.0822250386050807,1.5314171774179208,7.140645483907887,0.15544523616796005,0.8535999107803112
Sample Corp 24,SC023,A,Healthcare,Fitch,2024-12-03,1.2023051936360762,0.7623088402714742,0.37848231762644213,62.19543875923995,0.3206528632337102,0.19298837784266817,0.1921411962404844,0.12638658002233624,0.32043870666940155,0.014382323924652274,0.14585578571525748,0.13770060506638832,0.19218489888634765,0.5482850040300049,2.0219312896371284,0.7342029239648731,,3.0219312896371284,18.2320342142309,6.557334659524358,1.6150684197903435,0.8545111027554686,6.071681393912263,0.1765088219931656,0.8714919084080213
Sample Corp 25,SC024,BBB+,Technology,Moody's,2025-01-19,2.8561507941473616,2.511352647839513,1.7945676749343997,85.44250554644599,0.56690224061537,0.20245986639993008,0.1703334610653547,0.10809099234251075,0.157084473683709,0.08990224750105277,0.13851872351075886,0.15323117987998935,0.19009193018375517,0.3039125237575933,1.0606227602568337,0.7432126098638581,0.9912748578405703,1.8838523002140282,10.901717698453872,11.907327915296612,3.3698420537788008,2.4845977777947645,3.911804057365649,0.17889405542420672,0.611192261092153
Sample Corp 26,SC025,AA,Healthcare,Fitch,2025-05-20,2.2041953064553708,1.9667471824454525,1.1496438427654623,44.166991987044256,0.4747184478380747,0.24080202076887877,0.18171694464561794,0.1320225933549222,0.21581027307397418,0.17853346099250295,0.15054453383181218,0.10960684826966016,0.22473241614444792,0.5438996091010215,0.4837602372909222,0.4177323206859619,0.5692181678627396,1.691086053272746,17.41802562983259,7.882871865279097,1.4151120790216045,0.7759962661616345,8.342065563501283,0.21395956099694552,0.5886568307031619
Sample Corp 27,SC026,A,Industrial,Fitch,2025-08-14,1.936731766338447,1.7406945618617808,0.577485716749138,75.59732453625514,0.17164258978383945,0.1256010219252186,0.10618731284404971,0.08904895147602708,0.33631789766379794,0.1300304128929498,0.14403651853933302,0.121984562238811,0.12854892205637658,0.58097602735462,1.8215597222525026,1.9317050807290792,3.4294471860167643,2.821559722252503,16.81569523291563,4.979471186871528,6.104537019274471,4.634653722288447,3.690621172644803,0.1166814644318221,0.8681605769845784
Sample Corp 28,SC027,BB,Healthcare,Fitch,2025-08-10,2.245644922700367,1.3850269860681996,0.4410077359970995,61.875945238412044,0.5016815167881367,0.382020499548338,0.32614514859305116,,0.29704253090469057,0.05801314644713168,0.07954232524759647,0.15289516039744763,0.3837842671516718,1.0446443071432139,2.655541893490895,1.1130340007790704,2.008641539202705,2.6597136834318094,14.366381697075921,9.801484384219126,3.5544560232116824,3.117316807628736,12.86124307297026,0.19661023797199867,0.7375700305748341
Sample Corp 29,SC028,AA+,Technology,Fitch,2025-05-13,1.7584803770913604,1.4439069954054946,0.5298071039646891,73.23096368348789,0.5225733992298713,0.2784532677399159,0.2568748333960925,0.15835428878575206,0.20627819211550535,0.16297843937386702,0.3141131781124739,0.05260696852782195,0.28792602707331966,0.18137205774261034,1.0158103063377728,1.8228848155321993,5.010244380462336,2.6930171772296214,12.417216969426395,6.584089587089711,8.420813272783288,6.405685083100702,6.815160821578984,0.15571562194443944,0.45801134067408467
Sample Corp 30,SC029,BBB,Industrial,S&P,2025-07-24,2.406086496436001,1.8377080666972323,0.5638749600342565,33.74048175067449,0.48772586614439106,0.26357607564968977,0.239762967192846,0.1765957604427141,0.20052981879217702,0.0503452787133292,0.09571174675389443,0.0984695985605418,0.2862228418990757,0.5793927253440591,1.044638569861315,0.8477663558558681,1.7126740599594954,1.80356813066255,19.693262605726353,11.976625256653293,1.668167856895478,1.386981902408337,6.8724463811633525,0.20867880286106955,0.4211458746113406
Sample Corp 31,SC030,AA,Communication,S&P,2025-05-10,0.9049754809216274,0.7346133445248006,0.2480638890403245,38.8643455143736,0.509791708913782,0.3870478145675066,,0.24039455167529888,0.15101642796360518,0.06977526227011374,0.07635203100391391,0.19596466221055198,0.38954506358157803,0.3175294276263996,0.5682741293865288,0.5128970697358061,,1.8118201848378983,7.174476085697256,11.838259662836176,3.0371634490733737,1.2180602374275373,8.162083570281027,0.24810920655402668,0.6823145254986316
Sample Corp 32,SC031,A,Materials,Fitch,2025-03-09,2.0452818630869682,1.8215189936484508,1.176441154406166,37.987015715248695,0.5213097045117587,0.30941509257996597,0.23682845680293255,0.18789117066332325,,0.05490398366133784,0.08233450882936053,0.13701683445432022,0.31442341233056503,0.6930838663406522,0.7857657855284061,1.1063713868405636,1.3368005730489247,1.7857657855284061,15.877335913266721,9.249072144164646,7.572215323811313,5.745691448940736,7.773660271154771,0.09013020348075225,0.8650854827192123
Sample Corp 33,SC032,BBB-,Materials,Moody's,2025-06-09,1.1490221848134803,0.9265818345406576,0.5255323262605806,71.22993032419987,0.23388224405466485,0.07400579968952892,0.06612538464132008,0.05257300062357797,0.15975671633463462,0.06685150449958581,0.03250333671498457,0.088133686984624,0.06793179350105731,0.2810388109979039,0.9551579946398671,0.4937262790143392,0.7163363547757654,1.682255710457048,7.867860521971835,5.038611591613741,6.3892746674514225,5.2059412477365985,14.93315364977118,0.2489297283119996,0.8221243512029093
Sample Corp 34,SC033,A+,Real Estate,S&P,2025-03-06,1.0643622251724127,,0.6114199047763602,80.66644035801772,0.2560612857292499,0.19367828622553096,0.1600772689595246,0.11356028328276756,0.2565205038801524,0.1258588998527685,0.19871786423221263,0.12825950699543198,0.20210855143275697,0.3424606785107578,1.5683328716720795,1.126226355061818,2.7095732137578725,2.742592079635644,10.073946579985225,9.494887981400232,1.5804214412425077,0.6642185257196741,9.089954575837933,0.0679624308565548,0.7379238732321682
Sample Corp 35,SC034,BB+,Communication,Fitch,2024-12-29,1.5521352667760837,1.3349304068188945,1.0099854866228568,74.97697392051523,0.4351913536740797,0.1845704069228171,0.13652356708005517,0.10487783539977186,0.34242439451840995,0.019025140048409883,0.0582314625355109,0.10139802321813732,0.1808754995806147,1.1831127369098737,3.248452421323025,1.8645052080729931,2.0614117266738954,3.1656349475486834,9.630481150597928,4.744243891680218,8.895155114459804,7.434560536603645,3.146622149268319,0.050463509580962775,0.4695579244455438
Sample Corp 36,SC035,AA+,Communication,S&P,2025-07-12,1.0019579447895721,0.8532115057157091,0.5055916084868423,31.82832916401565,0.5585397587081321,0.32887713374263944,0.31906728476743823,0.23748770358543536,0.17189377201089076,0.18415207144414406,0.2218940180014229,0.12983674832394487,0.3602339397574644,0.2909591556622388,1.136099059973193,1.1853058411181616,2.3388399437820873,2.893498433288655,19.205539816080844,,8.895355865435615,4.699835600884863,9.88940544050009,0.058832387235566254,0.5271156918743478
Sample Corp 37,SC036,BBB+,Healthcare,S&P,2025-10-30,1.0071453741908323,0.7330280419372018,0.48604188285104805,82.0328988644834,0.2922884620334225,0.11187535510856282,0.10151195580965813,0.08785854770349831,0.3288959861936135,0.08807149250265173,,0.06886122677099733,0.11910639665988777,0.515418921775686,2.4511271931278342,1.348049535721642,2.9640076474973993,3.0426059942731953,19.51034266682413,10.583667569771888,3.9736720348819645,2.911295124281805,3.9705958073084395,0.11835648094735235,0.8377556132763081
Sample Corp 38,SC037,BBB+,Materials,Moody's,2025-02-09,1.4851092806608475,0.990230659413803,0.6719117067882887,51.248800247587525,0.4147380041077755,0.1314468888830928,0.11895353995763856,0.09029519836749157,0.3482950670290096,0.07102803207045885,0.053044238328388275,0.06990719807289161,0.13203790145003252,0.32627688145270534,1.4286678527849277,0.5662853428554742,1.2482578478378532,2.19055654398744,7.745231663520907,5.678023581469451,4.0636525901460825,3.2516431246481936,2.4021893815074455,0.17658126613568687,0.49140361832845025
Sample Corp 39,SC038,A,Technology,Fitch,2025-04-08,2.9549231629673187,2.1245763996532046,1.0387590996896294,53.82982995024495,0.4573419285377095,0.2084274489481185,0.1973339319043207,0.14450954231480054,0.162303405247847,0.07601454441435176,0.13065227222476639,,0.1927213007456508,0.7844987771768095,1.738966749818396,0.3743505639959481,0.39152038566035646,2.7389667498183963,5.330527404462563,7.032217009752779,9.901255225151566,7.2411073262863574,14.619647997804226,0.06380590817756993,0.5392197041252174
Sample Corp 40,SC039,AA,Consumer,Fitch,2025-09-24,1.1857265937565449,1.0286997213416906,0.43261186632110743,,0.3533768705845676,0.24391762649403248,0.20950048439654043,0.15112225992983433,0.32658125382749226,0.11186837065377238,0.12234589247980406,0.1909729687890263,0.2614511959383267,0.14841106948884628,0.7555238102849527,0.488373535705672,0.8029915855146817,2.079319728978504,15.800120594946696,11.787659119809385,6.635585544338244,2.9604160338570806,12.056005589949331,0.05113316290591346,
Sample Corp 41,SC040,A,Consumer,Moody's,2025-09-20,0.8377544240298506,0.5394983058048908,0.21716029541270596,74.24431236562916,0.47120210468489665,0.20676046139372478,0.19528863187885456,0.1507097693240846,0.2532158040887233,0.03229440335909702,0.13367995773353053,0.1599348377512013,0.2191570369151222,0.642308135004346,1.4561101683310083,1.3175036786634216,2.9946612270476947,2.4561101683310085,11.269849008057264,6.694724014888826,5.781848685112532,4.036659868908577,14.74141690137897,0.23741820569175898,0.7380541157072056
Sample Corp 42,SC041,A+,Industrial,Moody's,2024-12-29,2.479401730608604,1.8694635756719433,0.7958703137242845,40.93703270855748,0.5548503503814779,0.2275156132898853,0.19325795628064296,0.1625672581490964,0.331302743888916,0.042369992388546225,0.0997872216752934,0.07435728419934814,0.21316325175105896,0.5950438945857945,1.2236369961390274,0.4615198882869179,0.5990525714516761,2.3595966623766973,6.332603676313466,6.371918250266522,8.543369651967321,5.764996027815523,8.212419824289151,0.21438532718798592,0.8719911526816049
Sample Corp 43,SC042,AA+,Materials,Fitch,2024-11-22,2.575208549511715,1.7253084075351637,0.7545910618735713,63.83790552113018,0.4308456948818269,0.17507000862330185,0.12607712538906643,0.0960103088971595,0.2642637883839148,0.03186824011961357,0.30532667375754136,0.07825236256484022,0.1679018822889864,0.20771641778299205,0.41349103158988787,0.9391879129002294,2.2454398556029975,1.6891517193164796,15.256311583655638,11.345663996982202,3.5676130452158477,3.0330441685198615,8.91934790493669,0.21183663422780624,0.534484015797693
Sample Corp 44,SC043,BB+,Materials,Fitch,2025-05-27,1.5618695063966819,1.2094986653589226,0.48817038205803254,80.44259915267587,0.3929014778615848,0.21907669394499113,0.1799878091672842,0.1437196451164533,0.2824224020213129,0.015756062671277885,0.04241933365782537,0.15962442123063147,0.2319324323638897,0.9044025992517337,1.7273599091075817,1.2351562987788651,3.077824738947166,2.151573272738388,13.176582923910495,4.885987562551665,4.862643340567212,2.9278941509004373,4.188380426948693,0.2268848551003954,0.6377033039250368
Sample Corp 45,SC044,A+,Consumer,Moody's,2025-02-10,1.8222823884671453,1.5652340713087243,1.156880676825578,35.352259722723375,0.3474351039247525,0.2736991803759899,0.23243614638763033,0.1909129931474709,0.2587557815994798,,0.266371721327135,0.0734245767188261,0.2564686371388597,0.23018173796487057,2.1783681054550548,0.96070975767074,2.847484523658038,3.4204090060611723,19.70775233001659,10.076659280917054,3.4099900793950075,1.9114377096320563,5.2097965466786125,0.1900068545544209,0.7171698698556022
Sample Corp 46,SC045,AA-,Materials,S&P,2025-07-26,2.2295021018140795,1.9265305812181457,1.3071501634081417,62.12013384093141,0.40986882190775653,0.21702328446591018,0.19880651805013771,0.15030775404779625,0.32289857606146966,0.10109953814634702,0.1598177678752658,0.08518419400022431,0.2351556879246666,0.28338268788739834,0.6775012535782982,0.5782624624910124,0.8209499598503998,1.8468765669728726,,11.904524533222192,8.102447619298584,6.278792318288168,12.901139793736766,0.0708808259496163,0.8997331241078154
Sample Corp 47,SC046,BBB,Healthcare,S&P,2025-02-02,0.9057296332334742,0.6077496180397234,0.19657554060568005,43.992984692988074,0.30991310331827815,0.17933204917980972,0.13126632904775393,0.09556780988926772,0.29678198379074033,0.008750465462875298,0.1534743408826669,0.1945020249230599,0.17662511888052715,0.8745635508679668,0.7726786857593377,0.7654452227739811,2.0286298782326475,1.5943682198148752,11.059668144898223,11.21036808619719,6.160144110716962,3.7351273840922037,6.630413412528724,0.12982003761474462,0.4524040324987861
Sample Corp 48,SC047,A+,Energy,Moody's,2024-12-10,2.8881206095010494,2.519331035826519,1.0942367719674053,50.575611856695616,0.3261669495906758,0.23820494487494706,0.1767493938973878,0.15253465859483642,0.25425206243608295,0.13370686549106023,0.19332826000530795,0.08829597870926478,0.21853107264448554,0.6469305436981119,1.0987896308153917,1.878139805842581,3.8325192297517017,2.2208773675726574,13.138187050931343,9.213343349651407,6.929425631260635,5.010307950174025,12.748594659353447,0.1946298972929259,0.6492853997528546
Sample Corp 49,SC048,BBB+,Financial,S&P,2025-06-19,2.7506968520557047,2.1388500584263013,0.6653799359217318,58.43819648583337,0.3893358658596783,0.2209616759160688,0.17215237762386817,0.12485382608567054,0.3236321608103094,0.04094681301446952,0.15765604778652045,0.14924485255567205,0.23491534580345505,0.6781102171150498,2.4464916226707913,1.4491698684968042,2.531591351182258,,16.875499826800272,6.512486359941856,3.270765248554659,2.365499344274159,11.217178415731414,0.10606689215830419,0.59256005995125
Sample Corp 50,SC049,AA,Communication,Moody's,2025-07-13,1.3739659713517707,0.9687359688648756,0.5319160580295429,51.306258196758286,0.17997860057586762,0.07059326490084625,0.05505918293425656,0.040665768535057906,0.1990571064510669,0.1789541583627038,0.26460821089736286,0.19679469311007958,0.06880739201031363,0.35287214136460276,1.1065082738611574,1.1432813257558072,1.4231034484686595,2.5807261055159394,13.232579850800882,6.034575849426534,2.982027712395836,2.516889634764305,4.303222028534252,0.18748127282724752,0.8329100826111776
Sample Corp 51,SC050,AA-,Real Estate,S&P,2025-06-15,0.8336699886388464,0.6773188159661352,0.3644688774396122,68.92937041749457,0.2530614259161583,0.11382651208998561,0.10468116349461136,0.09390972237798642,0.18146813194050518,0.17454189228711467,0.1811627716543243,0.1061445150709689,0.11442977425872967,0.23646592989711057,1.4385156959393106,0.32161531297771895,0.7947150446324317,2.7981446199241384,14.193502412929238,10.554040838971689,5.395371660846449,3.7732326748568488,8.596802759556649,0.054899689653530474,0.637983865505828
Sample Corp 52,SC051,AAA,Industrial,S&P,2025-02-17,2.8535598777748623,2.1244756040558372,1.520456905489418,58.77492610525501,0.394282189776034,0.17938596192363077,0.1390634415651184,0.08344797419284565,0.1820800210660144,0.05394636368209741,0.2379901570089865,0.05262739862930934,0.16547653030134954,0.11893270992374505,0.35866433299214495,1.9871061808320993,2.92445436694138,1.71732866598429,8.392205773849112,11.038575311613563,7.638091741835441,4.97298436742593,10.806035179743319,0.11122746817591865,0.45548876229257407
Sample Corp 53,SC052,AA,Energy,Fitch,2025-08-05,1.9022877446135704,1.3570849948598167,0.6159654353842766,65.05196908285015,0.34418766441139914,0.17163229641726435,0.15274062983349346,0.10014315260783581,0.21680177574904758,0.09710170691935022,0.1986389256302685,0.08662209356335615,0.15455776685590206,0.18941259195889462,1.1631802172318912,1.4414733893208935,2.5122632531374745,2.6616860246169876,17.703780921328395,8.203479300365544,5.727157817681442,2.6885321283843786,5.055483792449726,0.15982606725543452,0.7172120726432918
Sample Corp 54,SC053,A,Consumer,Fitch,2025-01-22,1.9866303864801378,1.6122008388312155,1.1417491352095335,74.20934852369477,0.2997671036606179,0.15389876811182684,0.13054957867212968,0.09336764441957747,0.1977380062602035,0.010172456923299624,0.16761167561801585,0.17463157870125584,0.15814591874967596,0.33641438005765933,,0.8387682114864063,,2.0117008688052422,11.429458204557136,5.954719526291729,1.2938110979110173,0.5923957391476916,12.798950636760999,0.17641796590124847,0.7853903091319399
Sample Corp 55,SC054,AA+,Communication,S&P,2025-03-16,2.3047202926759107,1.554804057403789,1.2189459862042666,63.46453595702624,0.4787471115641856,0.33507079994376576,0.2921778217305867,0.25705131952949073,0.33601807010194773,0.13127214396399564,0.07823044481182204,0.1796913253932555,0.3360877512363671,0.24300282068289158,1.2812804430602933,1.794756721996325,4.671274039901415,3.1354674051004885,7.114394412826539,4.9035456672893885,8.816963556882598,4.207109231324035,9.082759548087427,0.16540813289238215,0.4014406258328073
Sample Corp 56,SC055,BBB,Materials,S&P,2025-05-25,2.1548725616578106,1.506419170955093,0.5185156725605728,65.19212607964555,0.4621729233315023,0.2193904823617762,0.20873514492997824,0.12962638519156758,0.1711668187657168,0.06651603192974176,0.09037212377886213,0.1652779046785687,0.22349477672164772,0.55710942989857,2.1897945851907057,0.7393337544960907,1.8728632976592339,2.6844573732236197,14.96281871758126,4.697435742654649,1.5821820416361843,0.7688206071735638,4.148146655753841,0.1895512552146859,0.8294783427103147
Sample Corp 57,SC056,AA+,Real Estate,Fitch,2025-10-09,2.8765615300336655,2.1008551567723384,1.4620038426687565,63.86751255135847,0.2250288419970224,0.12019148566926274,0.09871500400298727,0.05950990878737454,0.28979814760791756,0.06251783129826152,0.239732839797128,0.06696647286148597,0.12725258762595154,0.24467583669204135,0.44249028666339063,1.2248281846106777,3.02193487523544,1.737483811105651,8.241356797779613,9.752619578830846,9.602420353486771,6.903550130202831,9.578797540139831,0.05121774964796782,0.49301150000283284
Sample Corp 58,SC057,BBB+,Materials,Fitch,2025-05-31,2.8773535136753683,1.9453920965104254,1.157465398743765,52.726357557077364,0.5453831019180472,0.3340406017965122,0.31108313135545657,0.191566594613558,,0.07054221932931816,0.1356357704409383,0.16932655575446048,0.3438350673058521,0.4121198391820312,0.5305880347883873,1.3813202983407027,2.2085750968383833,1.4421566956569896,6.463437653589496,7.3609498227818,1.2262776244954545,0.9448354134893728,14.996279454026883,0.0701882399955043,0.676034682326689
Sample Corp 59,SC058,A,Technology,Fitch,2025-03-15,2.7078376538210085,1.953869032690676,1.055134184419927,50.24681003231508,0.3729406318817845,0.18231686632277658,0.15070509398169182,0.09442623929441055,0.32632742655407,0.04157561994212296,0.2085912189211263,0.18780166954902566,0.170458008973045,0.5058345480510189,0.393793060431472,0.6758077314713383,,1.3937930604314719,17.929803626064086,11.242878994222963,7.250054105176379,4.821255250321233,3.956779391624376,0.22378885045582902,0.6078987503437251
Sample Corp 60,SC059,BBB-,Technology,Moody's,2025-10-22,2.200087914381225,1.6972400174732614,0.8660470814068002,83.97884382870075,0.48365741001257045,0.34740260845608073,0.2800625777018531,0.17119638138633708,0.34226305763698145,0.019509339402567962,0.10860112065985304,0.14009143138193542,0.3377290104501314,0.9732403309156333,1.5639383883624336,1.9632753739610131,4.4666606214067235,2.1170988488303095,11.902433967326594,9.91737040581411,1.7398635734060348,1.4171343066441973,12.617840091553866,0.18634972881803225,0.7598269083052652
Sample Corp 61,SC060,A-,Real Estate,S&P,2024-11-27,2.56208844830128,2.106785239840495,1.4585993302767168,66.45331333761436,0.4079178821658249,0.24219177970466962,0.23918573243729455,0.17793849388454977,0.2430940017539967,0.09109145281708533,0.22358399694132106,0.19113130345070978,0.2618524775116381,0.4046043353911763,0.9733597507034388,1.571926240164296,3.1318001575143097,1.8848725006394897,,5.530083343316694,9.196089214916256,8.236308220220629,4.695017041438254,0.07258632853720226,0.585580807392871
Sample Corp 62,SC061,BB-,Real Estate,Fitch,2025-01-15,2.28977035324256,1.9008722208880224,1.1779337875572107,44.66118932787927,0.5989616771657295,0.2677492502636448,0.20223402791921444,0.1565750775297376,0.3258142960456263,0.016688869485987145,0.0320312717165187,0.17402583255678164,0.28220474848465116,1.3012347594842777,2.92637706174978,1.2482824833688189,1.6933013474775072,2.7213982716175176,9.358813397095325,8.910219350525592,5.179899126029885,4.195751000866364,12.171048282981134,0.21841488747971588,0.8348815883408554
Sample Corp 63,SC062,A-,Consumer,S&P,2025-11-04,2.0614074916782537,1.7456763536387128,1.2263766259473585,59.89486187093641,0.4885814040174702,0.3210124443976938,0.23340849763872842,0.15906931290680693,0.15102903415094296,0.08337325629958842,0.10964718533992167,0.1500457275486361,,0.7964021967377397,1.5383878806482565,0.6070108168980115,1.4397219388170739,2.3985344369529606,16.804552023764995,7.484043635185275,2.2377139733531384,1.6725595880470008,11.549513000578372,0.09844624356491338,0.7652481804793951
Sample Corp 64,SC063,A,Real Estate,Moody's,2025-01-05,1.0827007771146024,0.8913480280618379,0.6699153660152374,49.820908876854844,0.46814120755955657,0.2639491850458865,0.24581476155020196,0.17686033242624855,0.31398938348162,0.07065454485603177,0.12676943037355926,0.13657778550676225,0.2510497243078608,0.29705852681126577,0.8852424116118376,0.3915589518966444,1.1677278055786657,1.8852424116118376,6.679038905322955,8.617997846148905,4.067341298108619,2.7098512929244714,5.906362012805621,0.14565197683904468,0.7238565855314607
Sample Corp 65,SC064,A-,Healthcare,Moody's,2025-01-08,2.5846491888192067,2.078863914131501,1.2652628025304085,86.02150942559248,0.500357372572838,0.2838166845246266,0.2044828006952529,0.12831496147679505,0.1957250323049847,0.1330282773327659,0.12884630526364474,0.10228605008629559,0.27258097810348325,0.7389421314596825,0.6911554226394264,,2.105560386701885,1.6283231114903876,10.33960060692279,9.904552986708136,2.4834220781208582,1.5507146452630107,6.235700528337848,0.07903930257693206,0.7981202977814272
Sample Corp 66,SC065,BBB+,Materials,Fitch,2025-10-12,2.605406846636702,1.7488844039097984,1.3820233054374196,30.452061788044485,0.21440759349681132,0.11589673268609363,0.11023212888706174,0.07726292702899766,0.33174026185387356,0.024753031978767367,0.17375969020499352,0.07389311678642077,0.12127336911676466,0.653702915268792,0.6958073734948669,1.5804184710527849,3.9193947787438836,1.579839477912389,19.670927269602927,10.449567048030326,2.5352372040138103,1.1210722330514316,12.302778095517949,0.19202201128434132,0.7770115174641912
Sample Corp 67,SC066,A,Energy,Moody's,2025-05-28,2.17706727422346,1.567634013274094,0.9469198019825077,43.51996786275169,0.24204506692625846,0.1327631652856722,0.11034716944268487,0.08350585579851576,0.1502240222960219,0.07504380352901341,0.09715841879184198,0.14074308840358113,0.14208776657320624,0.5399452173028512,2.202252862708919,0.7578632071134426,2.198277348507008,3.202252862708919,16.90984574552009,10.749898611253794,9.53297488154298,5.716776076077116,7.998791654535064,0.18337088420285358,0.4179693374607767
Sample Corp 68,SC067,BBB+,Utilities,S&P,2025-10-28,2.6049390562967902,1.9362888868866137,1.1972503284943306,51.92140918044346,0.47132883700062633,0.32176589402322575,0.3136104488755551,0.2570606963703602,0.2612363470079514,0.08421114215224441,0.16416003312566874,0.09771673304271794,0.33279761643305655,0.5215507894018856,1.0027818365888495,1.2172455748423587,1.7112923656526229,1.835651530490708,12.458838954720322,6.031798996576198,5.007215010563094,4.281505911689683,11.500634373253515,0.09222249423322725,0.597367176922414
Sample Corp 69,SC068,A-,Real Estate,Fitch,2024-12-31,2.2332664980871337,1.3954954223682596,0.805769947700046,59.26858804852428,0.3722916692088882,0.13085707418159448,0.11992525566680233,0.07207554739714879,0.30132716075698696,0.05883868056887605,0.11795583295543383,0.1799658001291468,0.13895791158170612,0.5507609794601266,1.9071397679445437,1.5375102004422634,3.276587880295221,,,4.2489247993388615,8.099220375148235,6.511864823919302,3.923793915755852,0.2226801533714004,0.8654036486582449
Sample Corp 70,SC069,BB,Industrial,S&P,2025-02-26,1.2547055917288399,0.95170803874552,0.3288161224217574,81.04905107016877,0.4895858813370524,0.2287254202320042,0.20199231335429446,0.1495133428490694,0.20173766613958158,0.05858319170475863,0.06814843069296068,0.1990005406037943,0.2409236275482352,0.7012916263320427,3.333614466511657,0.4835043148989894,,3.0835090415697857,18.08203550033715,9.914357881318185,6.7564500505991365,3.4324501482722676,13.083251164720195,0.13026120484394244,0.46286213449611313
Sample Corp 71,SC070,BBB,Technology,S&P,2025-06-28,1.4027144801064944,1.025245064819044,0.6799410058576355,35.27325747240863,0.19631221383486525,0.06630478040061993,0.06529641989395327,0.04499581929558494,0.1886265729174586,0.07774498753683962,0.12355567465168285,0.16286416439233592,0.061659520104655446,0.6809914426327556,2.1462725499883453,1.4650066273969848,1.9493205634789816,2.6509788846064195,13.172716386267735,4.850749810046197,7.0878372610455305,4.488754925753631,11.24150131687015,0.10850301821414837,0.7685482752160256
Sample Corp 72,SC071,A,Healthcare,Moody's,2025-06-27,1.2720960633584233,1.069365643436141,0.613519829142796,78.35189320446861,,0.2648415228706117,0.216903833210862,0.1856363965777703,0.1668196448935969,0.10197774005902902,0.1245697274377869,0.06357225429305761,0.26081300855656164,0.5767700316635815,2.1910435096232805,0.45618050910707597,1.095063099832334,3.1910435096232805,16.376375268036668,6.519356708903741,2.1852409462483466,1.7664648704903456,13.79025651485284,0.0804659178929071,0.8872959056676648
Sample Corp 73,SC072,A-,Communication,Moody's,2025-08-17,1.6299699831015468,1.4561666108182452,0.7651503522436972,33.33920936141852,0.3204697045006121,0.1397731588087751,0.13784793463564213,0.11230002476940332,0.21528671530065857,0.10438946771901413,0.13727073693704495,0.09330283932959572,,0.6650405122299721,1.2795928060989086,1.940720561615894,4.214508152597651,2.1632661873626438,16.31161520474246,4.030537072994777,3.1076600213393712,1.347768152017109,3.720840927454642,0.1032336025031075,0.42609931452248584
Sample Corp 74,SC073,A,Utilities,Moody's,2024-11-28,0.885718891082514,0.6791705845283484,0.5129338305332163,80.5388421178909,0.35565009867675523,0.2662806365068301,0.1971809133790673,0.15315683569935282,0.2619688624617659,0.14337080932542037,0.1326062349295394,0.06636644476486246,0.2521803091061729,0.5194887155356558,2.4036888194276864,1.1302700211103973,2.4560294929282707,3.4036888194276864,5.269185178527377,9.45335585921296,8.080753016389933,4.79751310914053,9.70918850468777,0.054405384244763405,0.7410969403133052
Sample Corp 75,SC074,BB,Energy,Moody's,2024-12-30,2.1601585455433643,1.5052112550765224,0.6758093365316424,33.09812867247077,0.4217810424326306,0.23758472002485573,0.2007891387492948,0.13717506231084356,0.17316877135605152,0.05483784456713985,0.025530622894929557,0.14757674716875738,0.25513080893269646,1.0125651846355825,0.9486704147069013,0.5561493831067915,1.3321675613208273,1.5929190091918133,6.893806741889202,5.33705609176977,9.736895858273046,8.041903048921283,9.788567605524227,0.16665149849122313,0.6340770706505152
Sample Corp 76,SC075,A-,Utilities,Moody's,2025-02-02,1.5404192727551984,0.9443081845666722,0.5305134127193581,31.094548885701663,0.3760297563581385,0.26336179764532214,0.2056785497718819,0.1795782977566784,0.22533907239735973,0.10025994882392789,,0.1647786296833677,0.2619339535130269,0.3132435125218339,0.5772018617712423,0.882052181257029,2.521993450368918,1.5247289652465839,14.894440495921133,9.242259277533265,,2.0250048350082044,6.594989627108172,0.21844614926878958,
Sample Corp 77,SC076,BBB,Real Estate,Fitch,2025-04-16,2.242589797837633,1.9676325884019947,,,0.3929372867007765,0.31021051709874875,0.267386834248265,0.1640498987402775,0.15181448093054498,0.08041784063192572,0.048635074957497304,0.1888512246321068,0.31240420810999714,,2.273859538153289,1.0028079638019445,2.572366767022937,2.7491227216563763,7.424297169288072,11.933940937342712,3.4441188827593585,1.5113045848528508,7.960063519400351,0.15979608988832839,0.44267066824216245
Sample Corp 78,SC077,A+,Consumer,S&P,2024-12-10,1.647872566124243,1.443099211364955,1.0076236590841952,89.83533208610366,0.36886086689802344,0.2655408834246335,0.19878501087595807,0.1257991618637727,,0.033471999401412406,0.14410457579767075,0.11572585196179816,0.24846373493219895,,2.136805659998258,1.5889145188301135,1.7673054583272432,3.374228511109176,8.83240016983407,4.58136697288013,5.256074195298144,3.5282301253716275,2.493760322768095,0.09385479238477515,0.42150347593346976
Sample Corp 79,SC078,BB+,Technology,S&P,2025-09-27,2.2995500717401374,1.554259110728845,0.8232497138359292,83.79661577844125,0.33402982968847195,0.24500983790535014,0.23336180023327752,0.1674345345265992,0.17568974361863826,0.012195468314486597,0.08429183998317819,0.1852063474382667,0.23581078605126107,0.5902751800617738,3.1193154233998825,1.563820436330236,4.230847444556342,3.079543615599922,19.199569312994107,4.6166240956116855,9.85456281569894,8.18787289984431,11.696180502151156,0.056733835642774545,0.7334333302754609
Sample Corp 80,SC079,A-,Technology,S&P,2025-06-17,1.549374052821328,1.2528600167482302,0.9033693371864098,64.55990506833959,0.4973468912692103,0.2506589776086346,0.23910920217077725,0.15239177081606584,0.2066685896531163,0.08093396723236469,0.14929468188183015,0.18168367385619916,0.2371357336830582,0.23510992448423937,0.5149287998400846,1.3402988590734628,1.9448844334202045,1.468117090763713,13.402733875623678,6.723040741333399,3.4206305124382395,2.3778265746136715,9.141192232241263,0.09292561465176058,0.811654714910359
Sample Corp 81,SC080,BBB+,Communication,S&P,2025-05-15,1.3735279621189869,0.8552002151926659,0.585349373476993,85.0437367851319,0.15549138254312003,0.0895414693215125,0.08833900742221598,0.07835004847495737,0.15368554374764348,0.01005717533734048,0.14601940464133129,0.0975793575148098,0.08427976481431065,,1.097530764787651,0.480082211349438,0.8419817827405657,1.914608970656376,16.260942604990205,10.931092114010736,4.6627471867083745,2.3926400123017446,2.750633674299259,0.13322428561421845,0.7910076674664837
Sample Corp 82,SC081,BBB-,Consumer,Moody's,2025-09-15,1.8912823994454937,1.2290775359331565,0.40942783700409413,30.318000383856326,0.41929921554235217,0.17901740253197151,0.1336188832438729,0.11215926256592394,0.23644815677850245,0.04651793605033368,0.041431380954555154,0.18033509383108565,0.18395687910610653,0.46783612497690147,3.2853821653004966,0.557667931699045,,3.346701546643212,13.369711081739599,5.724238950330655,9.023320140611562,5.342886607847909,10.849826608486312,0.2019222857399593,0.6719028639331187
Sample Corp 83,SC082,A,Materials,S&P,2025-05-11,2.324358789122267,1.5457979192101772,0.49918550085336577,88.50402977670855,0.40447875629533825,0.1610054182172172,0.14281176816611088,0.0967827920195474,0.3180243005482437,0.039448941188641604,0.18042464910608758,0.10635083778225898,0.15317681466018473,0.7743937327367525,0.856728552161726,0.45938676509744625,0.9012304691012517,1.856728552161726,13.287704221740878,6.8830225594427805,1.026289293592258,0.6414941106252923,8.068167004005442,0.08756857050755483,0.4499334105680891
Sample Corp 84,SC083,A+,Financial,Fitch,2025-07-15,1.5663405297970343,1.0781876592925683,0.6581288116690582,,,0.2610549531757857,0.21987906674814567,0.1707506664280809,0.2284302422890393,0.0642865514173053,0.12367257247321836,0.09453039118404213,0.2679476124800935,0.4894423716226586,1.8167174390981,1.281193731588835,2.3962945308614145,3.0185749323312225,6.412278651885469,4.548043253015837,1.357893684897126,0.9364485358219893,2.447996372525,0.19395829067093723,0.7440222219180069
Sample Corp 85,SC084,AAA,Healthcare,Fitch,2025-06-20,2.860625934082556,2.5709858776641665,1.2178932464286079,73.37376579730653,0.4195632141497969,0.25069929549477193,0.20139053454734523,0.18018394098865112,0.18589946468476667,0.17791899451652077,0.19471378384113336,0.147361198819159,0.2285602720603814,0.37981922214287644,1.0576454155215742,1.7911353505693868,5.14898859305479,3.1152908310431484,10.154947889136546,10.105242330071114,6.436645093640973,5.018494564587288,14.60490044902524,0.22338669367037672,0.520944441777073
Sample Corp 86,SC085,A-,Technology,S&P,2025-01-07,0.8862099186864218,0.7170125203381335,0.29007845389719655,79.25168838920115,0.5220594725140852,0.24517772559010653,0.19748135306121475,0.17087265500975465,0.30073976681010384,0.1275959255332807,0.19943752570608705,0.09925718418276216,0.2276119377014742,0.5996078113277725,1.5289940903755763,1.0374608708331121,2.502395059864809,2.3899946276141604,9.236463480297676,7.266450742075609,9.166421482415624,4.119727219358884,14.338457860162727,0.14078936962167143,0.8555343513836918
Sample Corp 87,SC086,AA-,Industrial,S&P,2025-09-20,1.7194812697742734,1.2298771177254266,0.725412230666545,73.10743625019322,0.5815836575538125,,0.2801581779035526,0.21859048615489093,0.30776139637414884,0.02416593372058537,0.06216729699109206,0.14453131224937166,0.32473044264889456,0.3900901312661689,0.9199740813330353,0.5734418957281685,1.2973212792189412,2.149967601666294,10.860925484204198,10.073989864486743,3.149709943617349,2.660956904824349,8.667731409913568,0.21428639832851865,0.8191326797728524
Sample Corp 88,SC087,AAA,Technology,Fitch,2024-12-10,2.9286772133445442,2.4048253403495155,1.1321475340233715,62.102203922694635,0.3041359157303445,0.22619507798097213,0.2061717614914822,0.1795997655592681,0.18475069506151334,0.12719086325505347,0.25152379000218167,0.1414747708248042,0.23058538496797892,0.19411830735822883,0.6451368756617356,1.248671952753244,1.3731446370750582,2.290273751323471,16.975162823364926,11.228862754774362,5.226775972126381,2.1228804188247703,3.2177414691768327,0.16093146960701912,0.7546914835436955
Sample Corp 89,SC088,AA-,Utilities,Fitch,2025-01-16,2.005538143145792,1.7539961337566305,0.9973778179896673,58.597169047584714,0.25230794236349413,0.14592502147206557,0.12833898680021127,0.11508868880517822,0.304170821708198,0.16026562561769278,0.20369135522402582,0.13451583910226883,0.15105694896507557,0.45105805332802035,0.639457862083041,1.6799787686717067,4.717089175785239,1.799322327603801,10.578990018752972,5.86210517681031,5.0541877149203644,2.9568320678622557,11.810075880781694,0.177418167416181,0.8744229779155652
Sample Corp 90,SC089,BBB-,Technology,Moody's,2025-05-21,1.731636073077861,1.537018745450921,0.8147115098847075,80.31495352215748,0.3406185880892173,,0.18848388034551086,0.1551233355647404,0.33945957765126755,0.012930716892995388,0.07759917316122743,0.10706295563491966,0.22236961961275345,0.39692634067872506,3.15932402167684,1.560910504571981,4.399863911493254,3.2566600154834573,11.77545228847524,10.45916824271961,5.256742114859591,2.1747675950617236,8.395104301374477,0.15525569206764056,0.4157109107556365
Sample Corp 91,SC090,BBB-,Technology,Fitch,2025-05-31,2.0507446242499086,1.2660459977293745,0.7499841933411711,42.30465360896755,0.2795683274140768,0.19644077745710872,0.14198346967036957,0.08795818057216195,0.18327551738645445,0.07525917993933402,0.05844334285300034,0.1322749582477215,0.19431100247997116,1.0345397669258731,1.8079085427276544,1.7984663254475364,4.60484016795414,2.2913632448054675,10.960720857279748,4.472751120626026,6.602677261567707,3.938411895661852,5.931817217761939,0.14263454335026837,0.7681002125303811
Sample Corp 92,SC091,BBB,Financial,Moody's,2024-12-26,2.0670340655677863,1.4848674385402951,0.7426568123694072,88.07964399025406,0.42672761841869444,0.3389772247185397,0.24519226145752793,0.17665466677226097,0.3041968585064271,0.04206453239097059,0.06785436535661715,0.13947282124781324,0.35419844455646937,0.9068792760102014,2.913833999704446,0.7724335653230753,0.783292751249348,3.2414107690034197,6.401119579629434,11.19077910544198,5.2276938669161535,3.4654711959051205,8.388436307871238,0.09693068835516988,0.5651213896682027
Sample Corp 93,SC092,BBB-,Financial,Moody's,2025-02-19,2.4096250616592085,1.5229476645845,0.9881399003843884,72.6571487302049,0.5603335839793341,0.3370959562982256,0.23620374914480344,0.20109152342805334,0.29171440092052586,0.03305595498642416,0.13604516035929032,0.13185303327432102,0.3044530058800832,0.5467264162164591,0.7455359181113241,0.6297215743552173,0.7018627941313434,1.532525655793803,11.616082373761756,9.20614838046998,5.02721327190212,3.297051037564776,8.791773890271038,0.11063881189220921,0.8530329428431827
Sample Corp 94,SC093,BBB,Energy,Moody's,2025-09-24,1.0809174047294243,0.7573966846711477,0.29541018294891197,41.97041564029919,0.21260228736437783,0.14954977982418075,0.14810061500963578,0.0991046009160816,0.2447147776870177,0.102791705858849,0.09688341232960006,0.11666291791268024,0.14479678945383148,1.0031820715290096,3.216467275060376,1.7956880261012957,2.604551036816756,3.474205596200289,7.934139095667725,10.993813793106813,5.268595783881345,2.5437527189747158,9.31525208729041,0.1079940237887218,0.5333375983309888
Sample Corp 95,SC094,AA-,Materials,Moody's,2025-08-08,1.3500361882754304,0.8787439161698913,0.5696463878761947,74.17483102190928,0.19535757135714893,0.15263768787789203,0.10708696072970897,0.0909374712414617,0.16158409211175964,0.04574432709686542,0.13941344711740128,0.05220005855693957,0.16236702953970142,0.5560963683594727,1.0201606339007683,1.4178525317226391,1.7903207134796915,2.2752007923759603,7.800849436595622,4.001507196452655,6.317806971439373,4.566954736787188,7.735908277519245,0.16265778619076293,0.7624282496575085
Sample Corp 96,SC095,A-,Industrial,Moody's,2025-02-26,2.0771968271566017,1.6494075056468769,0.8343208000665704,61.790401390867004,0.265206989334148,0.20479412680936318,0.14968978687487156,0.09521791721746427,0.1649388835515708,0.09634243654365779,0.12577996328965257,0.13805925615517267,0.2090218726062482,0.6597625446511264,0.44575058535373524,0.828579181012842,1.4895136427135014,1.4052278048670321,6.410541566513995,5.35264856284794,5.833067395162225,2.463824817887223,9.874818940807737,0.07399073860477799,0.8388235098253907
Sample Corp 97,SC096,BBB+,Technology,S&P,2025-09-25,2.7076565358613887,1.9399831497903883,1.4300756554284466,72.43380573866668,0.47674301372808026,0.1766527970027323,0.140329266408256,0.08617390210390144,0.32048293183972953,0.10000136153710504,0.14710246423349785,0.07526665777140795,0.1709019405477504,0.3276685760101979,0.46037767934688095,1.5619916859732657,4.444250778013979,1.3836480661224009,10.35006461212647,7.118075099411937,8.687223978854538,6.78431719029538,13.943551237882906,0.23335833814046703,0.42082840919134124
Sample Corp 98,SC097,AA,Technology,Fitch,2025-09-18,2.036106722716302,1.3617856887954747,0.7593562495714036,76.06677008657033,0.4168333073664696,0.2097489171829139,0.1976315283338277,0.14135144137060365,0.3480296745501294,0.020495396140827446,0.10289670774363545,0.14638639534207845,0.22676059439930896,0.3408582896801904,1.3591591765220314,1.6857012536166254,3.2772069850340024,2.9416559664600452,16.36222827184126,7.036023226997749,1.4454716814429995,1.2623625334438537,6.709485132281685,0.19413102905662266,0.598823789796018
Sample Corp 99,SC098,BB+,Healthcare,Moody's,2025-08-01,1.3249130915387486,0.90065124641978,0.7084118984129874,35.237410775380525,0.1959956989013398,0.09054903890225943,0.08951946334557309,0.05469814500516594,0.2852104514373509,0.05192698208480885,0.06994338352137378,0.16390164918842992,0.09548618409295029,0.7554967993620758,2.624817262872147,1.345463008579925,1.3815284847445137,2.7498781752480976,9.146625358750942,5.813843063388085,8.499853643257111,4.843934108965658,11.434314021859338,0.13028912618263871,0.7811545160109694
Sample Corp 100,SC099,A-,Financial,Fitch,2025-11-12,,1.6255638953966416,0.9769113917953333,60.36623738156082,0.5634377350173359,0.19351973727518718,0.18132878099500171,0.16087146355786036,0.23919166140206427,0.1288952967687712,0.15081918679986966,,0.18442026301859765,0.37348389652115094,2.271155950668762,1.4694029867958558,2.300337708337229,3.0646872278806927,9.685236528282704,7.052895518937601,8.595321513505517,5.661047998042952,13.627883238715018,0.0817248289052756,0.6274594447537936
